feature_1,feature_2,feature_3,feature_4,label
-1.6685316675305422,-1.2990134593088984,0.27464720361244455,-0.6036204360190907,0.0
-2.972882695857102,-1.0887829427357882,0.7088595753671403,0.42281857467666145,0.0
-0.59614125463865,-1.3700700062927567,-3.116856591599126,0.6444520334110423,0.0
-1.0689467425902022,-1.1750573823317514,-1.913742670861507,0.6635615765913815,0.0
-1.3052688750576689,-0.9659256570062029,-0.1540723984248353,1.193611680749198,0.0
-2.182618316554438,-0.9701138685690509,-0.09816121120593053,-0.8866142600561124,0.0
-1.2479789227816083,-1.1309452463159453,-0.14735366458284366,1.0598062949337745,0.0
-1.3530879239824887,-1.0663368088521623,0.026246617861587385,-0.11433515987237679,0.0
-1.1344987079163644,-1.2740344847318612,0.7435535155083369,0.21035936662981292,0.0
-0.38457445338795804,-1.0884034580501647,-0.005927405833231806,1.3660600684033315,0.0
-1.0106505987906442,-0.5201707100229417,1.5551140320590677,0.6133262263287012,0.0
-0.5831015502145414,-1.1823644574410481,-0.2859591514851729,1.4969109935208271,0.0
-0.2976038759064886,-1.4599525315739195,1.183119557331707,0.7188971655282916,0.0
-0.8605758080648516,-1.0153027538179111,-1.216076580745861,0.14067190330796092,0.0
-2.4709177062251415,-1.2169666335824159,-0.7436721747008731,-0.15901225155435933,0.0
-1.330900818537656,-1.0131617492422893,0.2400569292967187,0.10015940809062349,0.0
0.7484000235094437,-0.9174867402942555,-0.4751751058292485,1.2729537489199108,0.0
-1.0548346629867562,-0.9320408043459796,-1.6961312668315431,0.7301835311296144,0.0
-2.1988827640538853,-1.1732707242134888,-1.857483271594538,0.3825981367234629,0.0
-0.6830547836381007,-0.9425378735552965,-0.8869043262838756,0.8783037577325304,0.0
0.33541518315413565,-0.8674225309795517,0.08645252400759346,0.2477063784668243,0.0
-2.2084156499845884,-0.6214808641109739,-1.0182793255668514,-0.6545701349975839,0.0
-0.550980744859226,-0.9259295282691953,0.20721739341095335,0.583569926909304,0.0
-1.3676535300819352,-0.747092808276097,2.9290962417638613,0.22285832310348672,0.0
-0.5100600606202861,-0.720580418075311,0.9760375253689257,-1.5569339325092606,0.0
-1.1288255337810593,-0.8256771832029711,-1.329891861334063,-0.355494774608452,0.0
0.03846356593115141,-0.9540882437214258,-1.1974276956385663,1.4863992534663846,0.0
-1.3342709065728182,-0.9786174449468865,-0.41021869278032874,1.3821818883931385,0.0
-1.2532450377721125,-1.000297490976019,1.4867824740856308,0.042779719883566894,0.0
-0.5859503992448116,-0.9008397071765808,0.501799753807639,-0.0560994733409029,0.0
-0.580891325900842,-0.8939228776302874,0.5384370003545387,0.48334185178057176,0.0
0.5315932186729564,-0.9210632544948302,-0.12364962589203071,0.5049699814628403,0.0
-0.7164935044058206,-1.0469589346486787,1.7236962756672618,0.7130162297109377,0.0
-1.042839383205878,-0.6918726541798221,0.32579961364062554,0.12476952104321241,0.0
-0.8606849496352045,-0.8363637789469878,-1.012673123768591,-1.0272968770754625,0.0
-1.247420872940547,-1.1249741211487527,0.3233565314802586,-1.3693911240471572,0.0
-0.24689055727264153,-1.2501730735022956,-0.7663275989635832,1.2815113403641332,0.0
-0.5366651706532006,-1.0978429120926414,1.914229697062814,-1.6659560767977184,0.0
-0.3674161101989716,-0.8669621800388396,1.626649562301582,-0.21143829084555663,0.0
-0.9825744032969688,-0.9423457459681255,-0.015005087031364805,-0.11341163064273396,0.0
-1.4829595798404787,-0.7579973031564848,1.0805441270254872,-1.607676579043177,0.0
0.12634238909286188,-1.1416476429430311,0.4561636113551334,-0.9448701973880109,0.0
-2.80050689079781,-1.1927407630211884,0.5707885293815738,1.5427963382930518,0.0
-1.0917832678870238,-1.2168941720892932,-0.00041732641262016675,0.37415508597080255,0.0
-1.623643289380316,-0.7689477588066012,0.40955177823769134,-0.7995934996704901,0.0
-1.889778514075997,-0.8814717469903727,1.5116393498843184,1.706468247260989,0.0
-1.8163991466264755,-0.9998025075582532,0.701783372117029,0.07328543200764547,0.0
-1.631570712988009,-1.036503681480593,-0.46189381535428464,-0.6264902231490875,0.0
-2.419166017917409,-0.9336543088361927,1.7108365825466556,1.4144150427290236,0.0
-1.344228821084409,-1.00725660024542,-0.06366148878954943,-1.5799305296711237,0.0
-0.3052694460595523,-1.3869997311920543,-2.832011869908987,-1.0834266602642797,0.0
-1.5164101166653996,-0.7366106558139737,-0.1306203959951194,1.4006890344430014,0.0
-2.3088238838304864,-0.716744119537678,-0.6516562090577808,0.5048154563405017,0.0
-0.32459790042696113,-0.9548573018313232,1.3031809616484324,0.12853631685604816,0.0
-2.5574041720643366,-1.286055232469634,-0.14244786878884133,-1.308763514238608,0.0
-2.090545750621204,-1.298131253368529,-1.2024753082044328,0.4160996344158233,0.0
-2.3442583486060906,-0.7735962551682386,-0.20090753320092672,0.12253131765330154,0.0
-1.5834169189073264,-0.9215981009467563,-0.04727771569624714,0.6641440493586505,0.0
-1.065483807894522,-1.174691548695166,-0.7846874114294452,-0.3355806435831669,0.0
-1.853953997408527,-1.074183281036567,1.896182228633144,-0.7997861383857707,0.0
-0.20253335745839718,-1.109061962070443,-0.2815754308001021,-0.5893867019785693,0.0
-2.111821820717423,-1.0024715299639202,0.4447813624072502,1.0223923224420695,0.0
-0.7430614873440196,-0.8819655864867058,-0.49821161858610963,-0.43141434110468524,0.0
-2.3807924065635273,-0.8518313792369132,-0.2789816053030303,0.5298337834749577,0.0
-1.4570909298838806,-1.1042175917465575,-0.7393953025101954,-0.37595996597125914,0.0
-1.2746935731515894,-0.8422270085334045,-2.3721938715130153,-1.3817450094949852,0.0
-0.891079255358201,-0.8786392803702812,-0.11244375601928822,0.8978641732031214,0.0
-1.410225399265788,-0.8608739210918838,0.2950757833018624,-1.0987684566672995,0.0
-0.9494457852666537,-1.110686909608588,-1.400256208127942,0.17468009289816874,0.0
-0.21145978211700023,-1.112308565303459,-1.6528036422528436,1.0659268187168889,0.0
-1.0519254315279247,-0.717520993872092,0.06389619165017826,-1.607320159234058,0.0
-1.5370578923013294,-1.0054391181204083,-0.9659538588418697,-0.7243113192311228,0.0
-2.2236343269597407,-1.3885242918157612,-0.7731925102234387,-1.4899330082214923,0.0
-1.7047127094474794,-0.7946961520217535,-0.8746625219888452,-0.6844015561404262,0.0
-0.3718975528162849,-0.7831782619335128,-0.7112857556104383,1.1279566249333806,0.0
-2.345947762063157,-0.9223954360077287,0.10482780282721457,-0.9932572174375524,0.0
-0.1960357189569597,-0.8988763261224397,-0.33462160595412205,-0.8795570973113842,0.0
-0.4539442614269177,-1.0078023213885992,-0.300006659011757,0.8755091531413832,0.0
-0.3672582755165503,-1.241982160390109,0.2522707806121254,2.2856011815280666,0.0
-0.4242703660732633,-0.8122809923136868,0.3759274257674802,-0.913594509977107,0.0
-2.431973220665825,-0.8375622583992322,0.8097407308144474,1.0799312171425357,0.0
-1.2583862179867746,-1.165812639158904,1.0941669914439438,-1.0942409530350914,0.0
-1.4261605595940696,-0.7494130787592186,-0.1476374145148375,1.1318119568284526,0.0
0.4247878373705176,-0.8808000793859816,-1.6847289588739411,-0.4994167610220383,0.0
-1.4878849876147777,-1.199562987933727,-1.4269376854269915,-0.9325702298970132,0.0
-1.436139974549341,-1.1518933440493873,-1.0124571527438062,1.250569832543435,0.0
-0.6539067459230348,-1.1775280484044006,-0.2345380349087504,-0.8633555813417826,0.0
-1.3350481781333585,-0.7896950070571634,-1.0356057313844946,0.1416671648715303,0.0
-0.29298498288864205,-0.8831970187616112,-0.011135627340667108,1.344074374673427,0.0
-0.9232281649003236,-0.9181707760460255,0.5000166958573026,-1.4317977780650375,0.0
0.1614523750606609,-0.989449647380588,-0.6289807075912683,1.070072512070977,0.0
0.8923226726688347,-0.9702567382120075,-0.6210826977013774,1.734572174923709,0.0
0.14681445590487785,-1.1725917733581563,-1.0982894313247467,0.5726133530407902,0.0
-0.8216434814449005,-0.8012410469390899,-0.8612155533986415,-0.5095951329463574,0.0
-2.0772145830595443,-0.8092932627606431,1.0985816482311466,-0.12706716283851693,0.0
-0.9546516754576132,-0.7594528063748467,0.8134522451141071,0.47329059491479947,0.0
-0.06530887487099524,-1.0376197316616107,0.7538656835623008,-0.8881882110855133,0.0
-0.9680001959118544,-1.0997841400700739,-0.22157439820400068,0.4242526181008702,0.0
-1.8070154100114482,-1.1060526773089034,-0.8490728726936604,1.6295000432323286,0.0
-2.490965002373111,-1.334368039720042,-0.7772280421551344,-0.3000035769377952,0.0
-0.7365947046922039,-0.9433671908924991,-1.0065590647942375,-2.1433080652386884,0.0
-1.7387567963830934,-1.1708950507644442,1.796918522574928,-0.20433893690304725,0.0
0.15567142825339286,-1.1758155846952607,-0.44791483841554025,-0.19871506167079867,0.0
-0.4095368377687434,-1.0238570652610142,1.4198639721964357,-0.9651066080644173,0.0
-0.977817435219443,-1.0536228913897168,0.6795678657650824,-0.42378824854947633,0.0
-1.432817165694521,-1.15004817647579,-0.5966708555383098,0.5670582125201824,0.0
-0.7863622599465019,-1.157915118274281,0.9882405737426969,-0.5139029502799155,0.0
-0.4867031693629881,-0.8473924260202567,-0.7688491596748099,-1.1690957473220271,0.0
-1.2974677537513184,-0.9824847058685473,1.1035037667283756,-0.575255994806118,0.0
-1.4160244226103975,-1.404151891283907,-1.8491307272754511,1.4099521383961462,0.0
-0.5352526396847945,-0.8428964530474021,-1.3698595019529423,0.7794605312590615,0.0
-1.2898065508512022,-0.8990102151185507,0.18342864666752473,0.2879154322152784,0.0
-0.7436116235422665,-0.7230619847665181,-0.5843752753113219,0.36559146022463607,0.0
-1.2153756824870698,-1.019015716975591,-1.6677798928842373,0.5880377487398128,0.0
-0.6923572423939546,-0.9026651785724573,1.5570100415321602,0.8840271974263262,0.0
-0.3251955308564808,-0.7651209322640637,-2.0195400853867214,-0.9842090022728482,0.0
-1.2221149586152598,-0.8873869388772583,-0.1877949219748069,0.48693730493993265,0.0
-1.389819553436249,-0.764164563785938,-0.1066526736602251,-0.4932143871104978,0.0
0.34514863485545977,-1.345339153318936,0.5953003076922928,1.1641517662249663,0.0
-1.6219387326460455,-1.0500894410722041,-0.23229400718659735,0.7289298673852393,0.0
-0.5579307459533784,-0.901603721855189,-2.5790507451894746,-0.9375093861087292,0.0
-0.7372644012383383,-0.9876998425177923,-0.3212589370580095,-0.48856622075462575,0.0
0.39138533870157355,-1.008963403154277,0.33279821740445475,1.0137505474982607,0.0
-2.08596026496083,-1.1640700826059502,0.5066690260283885,-0.6222254717550558,0.0
0.3254407245606181,-0.9110983829841677,-1.522768090504186,0.556964120578887,0.0
-0.6467969607992681,-1.1148312428106553,-1.8381767396700122,0.6530372834064285,0.0
-0.774860666719549,-1.0374892547689787,-0.18844908213006825,-1.1758349879382288,0.0
-1.6888807098999803,-1.096672500195908,0.28725731246679276,-0.0028761026590009907,0.0
0.24206908151916728,-0.923562949204634,-0.0365972929162469,-0.08422329652739403,0.0
-1.1693604910055675,-0.6946549929821108,0.4195241084261415,0.9244340219585094,1.0
-0.3612863745888296,-0.8075420016010756,0.49661519848385155,1.0121331898223096,0.0
-0.8396341745229572,-0.8957635627183751,-0.04413971884780624,1.6184593242319745,0.0
-0.7645154400499728,-0.647804928670811,0.5711098221298226,-0.5436940296827768,0.0
-1.1744057067040758,-1.0899633581800596,-1.093895056734405,0.20579680373407996,0.0
-1.0154265623450738,-0.940889387621765,-1.3065215229226008,-0.9733759675567485,0.0
1.1206326211597815,-1.177004663058678,0.23908708037359924,-0.6078874462819541,0.0
-1.6987221564784654,-1.333581286108122,-0.9333162402269223,-0.034475046088398256,0.0
-0.5599653602148411,-0.8986949105894458,0.07267789910378988,-0.20583402521873762,0.0
-1.0061165533180707,-1.0924041715386332,-0.37754691905928855,0.8546427287124486,0.0
-2.2340980747811567,-0.5593366828104852,0.3424273512868276,-0.22342611219469602,0.0
-1.7875051979884966,-0.9413366999823115,2.4643219335153654,0.19383173692841307,0.0
-2.0814018591603176,-0.818012150662201,1.1320051336773298,-0.5609810031317565,0.0
-1.5400900626195362,-1.0277608916122387,-1.3629409472080096,-0.7917565156434644,0.0
-1.7530524402987107,-0.7675055619892512,-0.26800978339811193,-0.496608209729517,0.0
-2.1702659763413608,-1.0731761249950889,1.3363861823227936,-0.12004112209610802,0.0
-0.49333179967878293,-0.906468777410577,0.4614688774411399,-0.04648115603289032,0.0
-0.6173154809830461,-1.4509758102810397,-0.43355433273316757,0.037996013453515,0.0
-1.8750648277371438,-0.9323512031628172,1.7140514697707319,-0.7679485917368151,0.0
-1.4820152133550029,-0.9951439200534522,0.7669904505595512,-1.0260072516257819,0.0
-1.2141549658658306,-0.9146954031827539,-0.45962644226943894,0.003583205954583647,0.0
-2.0557445121119864,-0.7038809550780006,0.3263750897269907,1.483128627973814,0.0
-0.4367708042397448,-1.0049282501206913,-0.050082641464535414,-0.8436156065359265,0.0
-0.7670181041732347,-1.1363270136146248,0.6500419730507697,-0.36416980891575595,0.0
0.33410117976048204,-0.8137188795178354,0.23868157093183537,-0.11622243953775185,0.0
-1.0114258433779,-1.1297039105704654,-1.9434568512868227,0.5082991855939731,0.0
-1.8285789555568688,-0.9350110623362089,0.5833680068212987,0.9266047683086054,0.0
-0.1959971549645082,-0.8271454406521025,1.8004627624602276,-1.1951037734634757,0.0
-0.998284350788624,-0.9278224990707256,0.5165074442817594,0.40929499664095537,0.0
-0.7639656244962567,-1.0034448566214769,-0.4190819928078221,0.39710623644977877,0.0
-0.902591590100586,-0.9931189483666651,0.499646955111966,-1.218683829977197,0.0
-0.21170908629658702,-0.9028437504312313,0.2462227612764322,-0.9179843060046156,0.0
-0.34768763066133335,-1.082941242541948,-0.6518564999305905,-1.77474481518865,0.0
-0.5219086338930077,-0.8057246146735974,-0.47336092550247877,-0.20357067147347696,0.0
-2.7593231221077152,-0.8857066489518913,0.5498568672963908,0.0008999266711071547,0.0
-1.608250701890006,-0.8384140280501826,-1.5422881507996786,0.8621480568842673,0.0
-0.20525467840961298,-1.17854062332403,-0.11858662355009231,0.4883705904296574,0.0
-0.21445949828680455,-1.1829910764338938,0.9659361184597012,1.4226047489690348,0.0
-0.9519910106433922,-0.5030590679833779,1.9612269893650154,-0.07223875867166796,0.0
-1.0084281105288004,-0.669930813585746,0.31112444609365353,-1.0783610908167798,0.0
-2.180739012816951,-0.8147394629367978,1.061600170035261,-1.1848874445717696,0.0
-0.8528522946458952,-1.207693126390685,-1.805251688630421,0.8303860053403918,0.0
0.1002278891845163,-0.9238241643304685,-0.5216965249478154,0.7776072813422404,0.0
-0.6898053438674758,-0.9321504473294886,0.4080746493461687,-1.6300026510237087,0.0
-1.0517771164443783,-0.9290373319334468,-2.7196793643226145,-1.0966017470927192,0.0
-1.3925622306180172,-1.0897182671134371,0.01649148698086454,-1.2217763346947719,0.0
0.292926922662319,-0.9187741835564494,-0.6527614493487129,-1.4589407305973254,0.0
-0.7244397950226571,-1.2694521317264045,0.16987795979692444,0.09082592703632521,0.0
-0.4566468621098654,-0.9036901333675748,-0.4813926240476333,1.3970653013137426,0.0
-0.25399843631884034,-0.6898805979842415,1.4977150273195634,0.565267202536451,0.0
-1.3968088446496774,-0.8908440570307374,-1.7997711814667445,-1.1046901472056094,0.0
-1.1419705321461509,-1.1242990445411827,0.40713033108324814,-0.6285575802445897,0.0
-1.4551783503249096,-1.1530401151058283,-0.4870914317118235,0.89896739458806,0.0
-1.1245750529260854,-0.9910588265602306,0.5108748218924175,1.3141544338139488,0.0
-0.6487533985852874,-0.9811139608690754,-0.42920929664647733,1.3752254204468972,0.0
-0.0516569034354486,-0.9953859488948517,-0.5541312470844857,1.499491490138763,0.0
-0.26776484227488284,-1.0879011019689586,0.10583464361677868,-0.860509747109608,0.0
-0.9695232320838048,-1.1594809948801557,-1.631219507653533,-0.3014723148616932,0.0
-1.401704766571153,-0.9899549309323896,-0.2562326979954389,0.8576619101224521,0.0
0.11827344204305779,-1.1746128758604875,-0.11059050280820729,-0.4324319785784447,0.0
-1.6572467955618817,-0.9295153085897802,1.0770374729475365,-0.22482656127015146,0.0
-0.9694170410941577,-0.6826576873755004,-0.5762418162269032,0.5746089172925728,0.0
0.26016267320957676,-0.6371870261064421,-0.48982821884726685,0.658802141691513,0.0
0.30690609085220943,-1.0701657511475438,-0.5969171117831944,-0.22295918297037942,0.0
0.36398761069978836,-0.8806339742122377,0.15217697558826634,-0.37412632026430587,0.0
-1.4582580268546252,-1.2873726285494371,-0.01345146935738968,0.81547196924006,0.0
-0.9361876355820262,-1.1095789921555874,0.41060179132004765,0.4809698500346235,0.0
0.3529873781266213,-0.9987754692935842,-0.6354304386192672,0.852829768274368,0.0
-0.337691307092828,-0.9770911527806024,0.6695623405090826,1.0044191922616248,0.0
-2.076165887997234,-1.1092673750018307,-0.7263658321861022,-0.17245859668145705,0.0
-1.968312945459854,-1.2287325004038894,0.6335339024604004,-0.6088151174171313,0.0
0.004576675815814557,-0.9359636049102493,-0.22612246976395622,1.925805737459527,0.0
-1.4352659847259481,-1.1229856233445226,1.9517610122678137,1.2399405498273601,0.0
-0.930170371573671,-0.6713234511252921,0.9385851362497682,-1.0192511495051295,0.0
-1.2088294745423278,-1.1428709680662164,0.5125622314261223,-0.3591165950658852,0.0
-0.3223143195259087,-0.9978797181382919,-1.0585718976053677,-0.50900583859132,0.0
-1.3472011344709065,-0.7117033529904024,0.11566507404634657,-0.5473555742986664,0.0
-0.7532384022801506,-0.9538434645489883,-0.5507994257068402,0.7920414984229742,0.0
-1.8879224744520953,-1.2825698989806749,0.14410648512323182,0.23345807966231802,0.0
-1.186511542288516,-1.0606428862887822,0.11187239689629835,-0.6757031433716509,0.0
-2.666930207101367,-1.2051305883678682,-1.3705719179606883,0.31056471042047845,0.0
-1.6469435282518297,-1.1433688163473974,-0.5070366321254438,-2.010782268585878,0.0
-0.68139036494026,-0.6220817322613306,-0.39256725796515246,-1.0922179413406234,0.0
-1.0486627212184028,-0.9732302209897481,0.6986502343077553,0.52162522724034,0.0
0.986269748896861,-1.2726709924344637,0.4968931448384696,-0.665041618158691,0.0
-1.1008861825475296,-0.8882567337218842,0.731551581862154,0.319649783134073,0.0
0.21719836791472824,-0.9709456224544541,-0.4098545384398195,-0.4533374321385169,0.0
-1.392601622816971,-1.144246028839041,0.8927081528737002,-0.4736040569636581,0.0
-1.0565759368863825,-0.8149543754650176,0.3036564735262783,1.0339569868127836,0.0
-1.167678043986637,-1.1461785518771224,1.9093426255571087,1.6638731244377296,0.0
-1.2213945872236378,-1.139646082645863,0.9008227642090298,-1.5059113515713871,0.0
-0.001364991922213843,-0.9738700367979268,-0.6890484294179713,-0.5480871874725356,0.0
-1.1370717704938276,-0.9772682633735723,1.6531498325653209,-0.6993179409720909,0.0
-1.0829353560617068,-1.1604426980019324,0.38616637709836915,0.10086706325731179,0.0
-0.3256027137154911,-1.1183431994597572,-0.935127209437544,0.38182400961938384,0.0
-0.7566799784745268,-0.8647767497223999,0.3982960861974925,-1.2557748817415015,0.0
-1.4410123814772977,-0.7807666680308087,1.2228774470534098,-2.0865100288551877,0.0
-1.3136139348274536,-1.0718543844794415,-0.590757152909962,0.9719702938655755,0.0
-2.671119876441823,-0.9831824735407185,-1.1932578334740391,0.35026591956203,0.0
0.8401236412387072,-1.0005535433109802,-1.29636038827543,-0.09302414444422329,0.0
-0.9995029845958112,-1.0374419713071443,-2.3137731131722004,-0.8425717017130081,0.0
-0.12032935231265551,-0.9451836164226287,-1.5429214471542902,-0.4017637421265006,0.0
-1.0565013516754114,-0.9148235045762313,-0.4152313958216571,-0.6736641713091397,0.0
-2.814216454402197,-0.8182632739481296,0.7979131965667455,-0.8868796038714377,0.0
-0.17954621011044092,-0.8591637457042889,0.6343866731890512,1.6292757699588616,0.0
-0.7441637697867487,-0.5826337573584441,0.13906415030468255,-0.8576702045753997,0.0
-0.17072350196174213,-0.6613458150422084,-1.2493385148615423,-0.7097851001194992,0.0
-0.38198276331857894,-0.9779942884297124,0.704642720749891,0.1555907349688975,0.0
-2.135044817425957,-1.2718286349369416,0.9367952162539889,0.770330879327212,0.0
-0.5622869840247375,-1.2687352069328361,0.1408106518782359,0.4734882616664622,0.0
-1.6181401565836295,-1.1821337630600903,1.8552462094204791,1.4156562261746801,0.0
-1.970346720130565,-1.098117885518352,-0.30274601690425323,0.9896794419358903,0.0
-0.4824818328154187,-0.8542950200747006,0.5858508058179356,1.1363880775397395,0.0
0.9355780899844808,-1.2551264804237183,0.6716165720359097,-0.9741674350429901,0.0
-1.7400273488100755,-1.2484989705306115,-1.6196845653727006,0.5726270172050857,0.0
-1.1658772727631572,-0.9834340677707925,1.9026181983698311,-0.7756641079399706,0.0
-0.5173866265449982,-0.8298650373116114,-0.1880897380496502,-1.0357477261952128,0.0
-2.248905631526606,-1.1464543588655813,1.17782950470566,-2.3051668550435207,0.0
-1.477833415619696,-1.48320604521375,-2.2636603010358085,0.37501991982015326,0.0
-0.46092040162938486,-0.9023092316884654,-0.08234364679135212,-0.4796230150738065,0.0
-0.7356537241953522,-0.82159086069328,-0.3010947865234137,0.5369879144563616,0.0
-1.278626099625765,1.3017943735974769,-0.4138039890496651,-1.0969249717331135,1.0
-1.6788412870527258,1.8781936949663232,-0.9273629280729663,0.8883388619968426,1.0
-0.21044639993100156,0.7876358669237767,-0.5247419549622203,-1.3852775837671982,1.0
1.6903971843757661,-0.11494334288846031,0.10217832694397073,0.5049947217800111,1.0
-1.189589634506103,-0.05012038814142383,1.3289607475532235,0.21790338712166898,1.0
-2.9268274770323126,1.5595404108240705,-0.6597112472096701,0.4740078672770297,1.0
1.799413256179918,0.15957425333622266,0.7271748700204365,-0.03890530666380676,1.0
-0.6218068164313584,0.4677807325904564,-0.04459939272557343,0.2601329049387677,1.0
-2.320489561199244,1.2833035006708897,-0.06985649825618424,0.25011390688312557,1.0
-2.756360130909795,1.0462710117417913,-1.0219133244269283,-1.1504377698185095,1.0
-0.020351366707602958,0.9183394091685861,-0.836111379500769,0.6422109433294259,1.0
1.1347384206164493,-0.22110998368500745,0.2587975673406087,1.0402389642495586,1.0
-0.4164475308234369,1.2781519848714398,-0.18669092211460994,-1.1436413958418497,1.0
-2.993020595740006,1.5881175869168171,1.144553535284558,-0.018767055539892923,1.0
0.15364157763735942,-0.9340837928215042,1.2834550362665254,0.5979464913921806,1.0
0.45416448209141747,-0.7862209999824035,2.188618678822837,-0.21977298571336235,1.0
-2.0445618192585577,1.9482910876506931,0.9007239050891807,0.891364106352944,1.0
0.5449525823808155,0.06135212982477689,-0.55512634549445,-0.1724823171069609,1.0
-0.6293077916970747,0.8143768798478304,-1.461738342216723,-1.5487961370026657,1.0
-0.7400938679881905,0.8528924196081056,0.12656880153077496,0.7930070706974274,1.0
-0.11306323445754973,1.28800885196469,0.6380240334954549,0.34002459825965264,1.0
-2.1353048718882603,0.6585856821700959,0.8630171531510914,-0.5896977956993248,1.0
-0.30088620811258204,0.7448144117162766,-0.2725327484877595,0.7375215134138817,1.0
0.37318886080644886,2.097963453029787,0.4331187294489333,-0.21018881379676232,1.0
-1.398912241586257,1.9844898507720528,1.3207943861279146,-1.2920012510471275,1.0
-1.2165983545331711,1.118095299676019,-0.5186786872885925,-0.2833977744562524,1.0
-1.5255041551323647,1.7615997864899635,0.8165348797737704,0.0023851979152351623,1.0
-1.590560182732159,0.34088470273441185,-1.261491746790615,0.5140041798160635,1.0
0.8886354887334909,-0.8449767180259737,1.0875463154668945,0.7393045331330262,1.0
0.7543330881848465,0.02588218301566414,0.6191549216054889,-1.8743134967410682,1.0
-2.582785000887168,2.572310196364609,-0.8998864767434843,0.4820806086722011,1.0
0.4038991706668187,1.3313066323829628,-0.05488818475438849,0.522557601998812,1.0
-0.5843483821805076,0.4119161293192105,-1.2663426769629542,-0.06149476428488614,1.0
-1.8266584435392388,1.2144765732260376,-1.3897810188962068,-1.9536785626194064,1.0
-1.4687767685314546,0.9537031627480963,0.2957790885068872,0.8425887964569804,1.0
0.23749380020027822,1.5378262824538484,0.2456164279017758,-0.032996480264666096,1.0
-1.702762067732552,0.9515873222428101,-1.5620143418292662,1.0061070670975472,1.0
-1.156822017958913,1.4964338870580467,-0.04404489737594127,1.9595620052057678,1.0
0.6296404358730643,0.48450922038666333,0.9423143082769667,-2.0051254266521483,1.0
-1.8872486093968748,0.783839759415119,0.7550496802558879,-1.3965352375731572,1.0
1.1521922684473567,-0.4550862117940535,-0.7594954904290641,-0.2507566767601495,1.0
-0.7687371043646052,0.03252085054250575,-0.09406245036260366,0.39756521561746616,1.0
-0.14058359581233715,0.615253583106967,-1.022855040804214,-1.1506920042566469,1.0
-1.2153560164345316,0.7860710220673214,0.6006052017330761,-0.01325026793402666,1.0
1.9857869027138153,1.0005991754801458,0.17437304870152562,-2.19368335169466,1.0
-1.8228611356667703,1.3793521941981943,-0.17713738331532355,-0.8907291830614958,1.0
0.12698907277182614,0.9379285993320647,-0.9206263730168693,0.9219348042245775,1.0
-1.6160012711152492,1.2360658154332365,-1.0956712289725123,-1.0928966063260301,1.0
-0.431044460769896,0.6554035596603804,-0.3310106034017459,0.4502888306473442,1.0
-0.09342830049746453,0.2928884818949504,-0.8840147297480861,1.2341440357800615,1.0
-0.11544459561142217,-0.2505842280240591,1.4498475253612189,-0.8814470664684638,1.0
-0.44711960205911794,0.23988601103716933,-0.24508175557685558,-0.7786754726576129,1.0
0.6508331148061421,-0.03661584620429026,-1.6853821048712272,0.3030110504561574,1.0
0.5443865169961521,1.080955727234712,0.7335948682293696,2.0118642631265615,1.0
-0.7606035383081823,1.1279070302353944,-0.897409503631337,1.336235090812621,1.0
1.5470700425681936,-0.22708820765208704,1.3423536912579532,0.19785330956715308,1.0
-2.2727499936850077,1.3816028847124655,0.6021634895760638,0.8732730483007036,1.0
-1.2483267211753049,0.8564504665650929,1.9740999482418995,0.4778085626164694,1.0
-1.4693580666077586,1.1413277468545324,-0.060137885503685214,-0.8661687990074722,1.0
-0.7164108037491368,2.154076572349603,0.30532075501249806,1.02416493277307,1.0
-1.210735145674561,1.5657519159615125,0.24461036132947195,-0.779923248925003,1.0
-0.5542944469826738,0.8555944073776336,0.08907620249656334,-0.12915348246011388,1.0
0.3770447359195963,0.8309327130873453,0.26473875775570727,-1.66184836721825,1.0
-2.6121083633511786,0.9748018733939863,0.5507886141027314,0.595423156763723,0.0
-0.9535209663250286,0.9563822988474258,0.4448534381865086,-0.0037628171450240252,1.0
-0.34282231093472393,0.47605296662534013,-1.8059362626034217,-0.01932279197126341,1.0
-1.0514662907900734,1.4006385575235876,1.0607149993421696,-0.8601288762924614,1.0
-0.9874402671574253,0.6056758305739309,-1.9892694661612838,-1.5405579718706937,1.0
-0.48099229297107204,0.2589890271050358,0.31402569182060314,0.37287600885243755,1.0
-2.8532393118079864,1.502634779241816,0.886293194621468,-0.05525899572965248,1.0
-2.125556261401336,0.7919495150963324,-1.5003283759785706,-0.8185041405936757,1.0
-0.9611499415763215,1.9065777021501007,0.8188393725993478,0.1404959074394759,1.0
0.2493805917114995,0.08127010792304268,0.6498296346799787,0.4347888054610397,1.0
-1.7663810974529823,1.8093530686221455,-0.20496055173029593,-0.1740068375080337,1.0
-1.875880506949984,0.37559989992036846,1.8571022697558597,0.4146742666092209,1.0
0.8022030440393195,1.4571266461701409,-0.1285875503163606,0.4554199909368095,1.0
-1.7114733034116445,1.1949125274469754,0.22290581962427333,-2.157356373494461,1.0
-1.5760167719041052,1.130621375254226,0.6500845143723144,1.8209392740896755,1.0
0.20957467400233143,1.0802023405558723,-0.780279868390064,1.454035748839167,1.0
0.12758630918403324,0.8061667145036696,-0.25686969733191695,0.2934713976498223,1.0
0.8589962375861497,0.3999845666043642,1.070360016973174,-0.7200014312908092,1.0
-1.4506717045661175,1.3428767876337413,1.2424939128184713,-1.2142172813593393,1.0
-0.06958073609192617,0.7159748508347562,-0.8751547489139164,-0.5935203173475259,1.0
-1.926821359002068,0.8731621099088376,0.6620053664519022,-0.34087441056947076,1.0
0.28592582137623035,-0.600252772001687,-1.519974459585868,-0.21653287184982842,1.0
1.0915408611431965,0.7642146000542267,-0.7842213825343839,0.7312936208403685,1.0
1.3688841382661767,-0.42488659137669793,-0.3432350544551033,0.07077407590065136,1.0
-1.5214562425607552,1.131566516961164,-0.4054724571406713,0.43393896823028894,1.0
-1.134037411379482,0.1657174327545411,-0.1835907634705542,0.3251987146870653,1.0
-2.4945795366451735,2.0693994510706264,-2.5933885647417103,0.09725087697778614,1.0
-1.5084369595221765,0.4258581708353356,0.4139136701102331,-0.19928005491459203,1.0
-2.3692643900508585,1.5015784314973246,0.6693924713925414,0.7386070289928207,1.0
2.013317768278749,0.7734583903243277,1.304213891849503,0.10481160807228165,1.0
-1.2953370985558554,2.8121622908111146,-1.9138007046699812,-2.285499448789645,1.0
-3.057428848053663,0.7325884174720623,-1.6018409520745176,-0.0379070611841362,1.0
-2.0984095566214975,1.1621878358972857,-0.15730528828056567,0.27623985201997375,1.0
1.769311020128204,0.007698506295385266,-0.6252459225571738,-0.7364911715057483,1.0
-1.526267271055451,0.4750036705203994,0.5550479424104341,0.6559244113725019,1.0
-0.024438575721998368,0.8100394171739753,-0.2566501354804808,-0.0384766582389533,1.0
-2.107750668372212,1.0454655724349595,0.40431434332899113,0.5043435751629946,1.0
1.2260019292455953,-0.004571846336444141,-1.1439806995987403,-0.7195738559179508,1.0
-1.323265219768809,0.2750803597237286,-1.2305460456453867,-0.5069066148368306,1.0
-3.0577868462371027,0.9685306950070749,0.8123335893418311,0.5462718669437655,1.0
-1.7243895343104785,1.7335131380900983,-1.0980979603625587,0.5122667268259818,1.0
-2.2054876623053064,1.9648799248767412,0.08584310534245199,-0.4939267070859207,1.0
-1.0274250105667884,0.3820836522933052,-1.4064596551036312,-0.17482337161776695,1.0
-0.18400866034398888,0.48641365551067683,0.6799440061159555,-2.1630976483961257,1.0
-1.9819613939430027,2.045228884688788,-0.3961231977514495,2.2542836988049624,1.0
0.05455200739293309,0.42064933920200276,0.6726367185680938,0.259832495003476,1.0
-1.3397681923034312,1.8521023087061508,-0.7371851695709141,-0.6783298378739697,1.0
-0.24085498807480266,0.7497659188427688,-0.08328839569996337,1.602863629377136,1.0
-0.8105076353795811,1.1821589510228163,0.4655891908949305,-0.8721583977708226,1.0
1.0691561921976542,-0.15940979396477895,1.1767869623838638,-0.2925942071580907,1.0
-1.337338671564206,0.14777652194136792,1.6973464810139491,-0.5666030246377041,1.0
-2.1699566364941587,1.5744143054815825,-1.003265756903889,0.17462957781357,1.0
0.12240433312721,0.6881386423551916,0.982326983800298,1.0374447967309102,0.0
0.33103243501836954,0.710208566834138,0.15919176666881152,-0.9880966879686112,1.0
-1.046127530304811,3.1725326857101366,-0.5053407218978849,-2.0182818683542165,1.0
-0.32914627011723985,1.5688986127978897,-0.9131215375688202,-0.17845681489726312,1.0
-0.050061669699920874,1.0180657169375882,0.38900214065347916,-0.3394543214647791,1.0
0.9487983279454233,0.19672608971461825,-0.05697905497773967,-0.39618544474981693,1.0
-2.298670392820763,2.3814344199263355,0.7510253041897702,-0.8991129384265388,1.0
-0.8695845958343843,0.3471981948469841,0.8375479141463265,1.9608808125139106,1.0
-1.6393187164535863,0.9356241249788391,0.4727896560219311,-0.5270916102240418,1.0
0.20501755265476618,-0.45259827575205636,-0.5362701440867851,1.2098372221840976,1.0
-0.16702022273603523,1.7695096773550523,-1.1265894258719975,-0.953804420272564,1.0
-2.8478034011069226,1.1787243420024072,-1.1644484538704645,-1.2785138405206862,1.0
-1.7078254364742165,0.9057754723954908,-1.044816319379857,0.7899049417854931,1.0
-0.9207490691103534,1.5939088962069612,1.1022825645880243,-0.6970730723601831,1.0
0.34110617572012125,1.188656258078406,0.20733404604568986,0.7591566751082341,1.0
-0.8688972811448907,0.6214671588326612,0.10056420309716296,-0.9549427576172389,1.0
-1.6046714445867851,1.5611981317393506,-1.4704017351380814,1.0104275531255087,1.0
-0.6141020227011322,1.672209443548407,0.4961794122883805,0.5769558933986538,1.0
-0.9348866983820211,0.9187847852824561,-1.1076469009010301,0.23497719288905192,1.0
-2.3038219973114575,2.4633488206965817,0.6289995874568216,0.31403384364714554,1.0
-0.6163064962823388,0.6088562477734921,-0.745023216807689,1.0122605100653357,1.0
-0.42774504484719433,0.2641355769590611,-1.527631948178774,0.9287419248069415,1.0
0.8641371964611428,0.8956581038272499,1.0810559440870733,1.5723303175352248,1.0
-0.6744898560635281,0.9862787338825119,-0.3424921902504429,-0.9994300165615205,1.0
0.3752060005045692,-0.2657591417647651,0.7938803623083801,-0.6992152790869743,1.0
-2.6578309722063373,2.108540157470293,0.043995511443988784,-0.31746221716007195,1.0
-0.3178865710957298,1.6119816132474805,-0.9020719714130848,0.3209994661848916,1.0
-1.5146556911905842,1.3568181721568355,-1.3920159165580357,0.5922056816440394,1.0
-1.7969725446367306,1.3698824569117,-0.9669310884567346,-1.7317313464679263,1.0
0.13279838517215858,-0.055816696815668365,-0.05010745879029284,0.43163385281122324,1.0
-0.34496860335665624,0.4142602873211305,0.5769345970532244,0.8183537308271613,1.0
-1.4264731469517136,0.1684050570458563,-2.3536403996904136,-1.0051444309566715,1.0
0.4804221943868643,0.42085376913941286,0.10665229450303212,1.5190032799361455,1.0
-0.1162728455199118,1.166510078834436,0.7837444936747278,1.9013400518481125,1.0
0.06975238917350723,0.7524683322834886,-0.524939422913999,0.27441699528200864,1.0
-2.826568158613909,2.0209822569138645,-1.099970807569307,-0.40435221962399975,1.0
-0.6108293657250865,0.9945619088414424,-0.7352957182829736,-0.6339886593167213,1.0
-2.1138344695648694,1.6927000739711966,-0.3934491211856633,0.0027175398906808907,1.0
-1.3786737215440226,1.390879168840872,0.022212664516484088,0.5434534395827254,1.0
0.45993293859838236,-0.3047009521115427,0.13998846738685936,-0.34404562884962536,1.0
-1.135872223957955,0.5200114375463929,-0.5225785415319466,-0.30713172015868406,1.0
-1.2393738578889262,1.8549529398643554,-0.44903714144696555,0.49097105518197964,1.0
-2.8988717142630938,1.1904688948111566,0.8655251906712624,1.2740445379470846,0.0
-1.9354463304720633,0.3102816652137116,-0.7977027599404173,0.46937222533875006,1.0
-0.3326001356390935,0.33307863130249726,-1.3946796415926757,0.37317471825257814,1.0
-1.0010888563027067,0.9901548076294524,1.0826722820910646,-0.14958950166699497,1.0
0.1935581015418799,0.40648924016604426,1.0726360472588732,-1.1385678703154767,1.0
-0.7480753939568809,0.44659975085801573,-0.8886452830916367,-0.13580984264368653,1.0
-3.2167564338087895,1.0333155868384027,1.0222103545858243,-0.4174294563419882,1.0
-1.6587757549456268,2.120015116052337,-0.4535531009087746,-0.9916283583780207,1.0
-2.1357576565441927,1.1529225744862128,0.2028810444426216,1.2466951408944356,1.0
-0.9636494723133922,1.030861583384188,0.7006801090936924,0.6966506543362647,1.0
-1.8015932603842635,0.9529462299142879,-0.20697447492366403,-0.5633093592639145,1.0
-0.030532238936909373,0.3714795386631148,0.6772459164163702,-0.03191107563414087,1.0
-1.6522785774050623,1.3353790098654879,-0.17360823571938175,0.8982406224036156,1.0
-0.8691373746132344,1.223966693060831,-0.1977874516727299,-0.8377762593852057,1.0
-3.6541776075095282,1.543424337033708,0.9091884953309661,0.08071989043386668,1.0
-1.1584480782913134,1.3362464697358305,-1.037029343848692,-1.1129058948716162,1.0
-1.1369765484461445,1.6433606471105722,0.09541187582686682,2.337409661478276,1.0
-0.42420518078711145,0.41229725461119593,-0.39282060354620846,-0.3362738590855785,1.0
2.0939693188635755,-0.8972524032323321,1.5237711976170534,-0.05728119979051539,1.0
0.4665829772987027,0.8649212827492738,-1.4484668632479882,-1.5727964525481732,1.0
0.21544387360546757,0.2389713859885293,1.2266639737874803,0.6663545422501889,1.0
0.6807215862427909,-0.23987597767612545,0.8261257084311929,-0.05775655837871275,1.0
-0.5906244348524243,0.5801878679003261,-0.7267120259827976,-0.21716311572416697,1.0
-2.081893990939321,1.8823585998171573,0.13603121737437676,-0.8383111556987011,1.0
-1.1041372567610166,1.0064121306075118,0.5614499095511267,-1.2595961687997215,1.0
-0.29238938380690416,1.2795534212921045,-0.33275876457522374,-0.2040078724765029,1.0
-1.1780078516841215,0.8794660343292549,-0.6910198131753685,-2.205505355019822,1.0
-0.6532086638671228,-0.15563500385781825,0.44786966411125256,-0.7557507604402671,1.0
-1.3187333055330397,1.9064823232054011,1.3257079593243715,-0.34198227768405226,1.0
-0.035819398784453726,0.9002270648822747,-0.5413595884312206,0.09152194677887708,1.0
-0.6340157561690898,1.651954845544544,1.053439748630448,-0.5634076631181697,1.0
-0.06791549456820622,0.9129906811957296,1.0147376948297768,1.4403036410176226,1.0
0.5312126298825306,1.2202395469901528,0.9903228106559455,1.6264314909922573,1.0
-1.2243554541253379,2.131059197016883,1.2926460210124688,1.5148822938930058,1.0
-0.8620625253280074,1.0680715449104368,1.6043263194156412,0.2080695296299638,1.0
0.3925352319465636,0.49523381125480115,-0.4292238995721983,-2.262243635243806,1.0
-1.2944814204486152,1.7828306916041377,-1.3227331195217957,-0.4482827991587956,1.0
-0.5163098078203201,1.2920232555199136,-0.381735087240566,-0.1527944634020866,1.0
-0.8919521650980875,0.4479930418802983,-1.0007604902487501,-1.595777611441314,1.0
-1.5966438282612834,1.742914788248613,-0.13022316646672621,-0.1894179288117906,1.0
-1.6042027290607566,-0.309437689887891,-0.807554041549866,-0.7421521616503846,1.0
1.0416249698016165,0.48739988911234733,-0.9401565918724067,-0.39652373901631777,1.0
-2.7380695686807135,3.063067086534868,-0.8563028269952513,1.2598753315170155,1.0
0.7776372267346991,-0.07069445551350784,0.24099673204512106,-0.9723179180265172,1.0
-1.46315784124593,1.2673627047196134,-0.28044778146745414,-1.1802856063511906,1.0
-1.9104427675017221,0.152670119690566,1.012168295174788,1.3841867245808201,1.0
0.4587517137917152,0.7126086490813877,1.2520019827530313,-1.1446926312425976,1.0
-2.939368610328598,1.615165294404128,-0.09126701972617592,-0.4015706755129159,1.0
0.8872364243794904,0.5037354363320705,0.5620131059141816,-1.007909803283898,1.0
-0.036847741344985585,2.0092352012688166,-0.6758916940010166,-0.41321702835180807,1.0
-0.8586433467029002,-0.053517215065101986,0.1532884691324239,0.6941287081378864,1.0
-0.724073009288035,0.9834063826866662,-0.3287276927366078,0.6639650755262219,1.0
-1.1506312185209708,1.2903999170210978,0.8220763567971378,-0.21321523687182103,1.0
-1.070985528597066,-0.14074521568028353,-1.245658132865597,-1.1711903354341404,1.0
-2.248417869081428,2.012221871294933,0.5917269751515682,-0.47622443631466943,1.0
-3.0866334075630557,0.7997907430471811,-1.7126293226824552,0.6129523681830006,1.0
-0.5496163161111465,0.8106302237312901,0.12955452054621897,-1.4059670811426284,1.0
-2.583250113944901,1.1360906019361454,1.1794199812026458,0.8366359871577495,1.0
-2.057810186277431,2.267618749311873,0.1387452512901793,-1.274319367734417,1.0
-0.04100741104344352,1.3790022377141293,-1.402330532885283,-0.3070684868414365,1.0
-0.012069234473167212,0.8413496258080848,-1.7139153895502894,0.4050802731844854,1.0
-1.6616805787561955,0.0459648622447254,-1.4108233133803365,0.1649127292546986,1.0
0.10474666664173005,0.4358787931327587,-0.2881314527267264,0.7117852680970441,1.0
-2.43231592942301,1.1546123311029337,-0.9379475952614882,0.273729449524724,1.0
-3.8060198165379906,1.0974190564934605,-1.3948401928346434,0.795549551769407,1.0
-1.1665041389960167,0.9157647428107665,-0.11496176627749469,0.4958506689654304,1.0
-2.479791359343081,1.0704554607773735,-1.3205253468280322,0.49908427567176655,1.0
-1.30718092515946,1.407099076496829,0.3062033963037085,0.3636978927133631,1.0
-0.4501596483814967,0.23681590854983214,0.312633963013986,-0.19346388279034774,1.0
-1.770413601819061,2.1336712887699756,1.241299220315991,-0.15589798576570357,1.0
-1.6422386036881478,1.3875591794087727,-0.7391692003908287,-0.05872619336893859,1.0
-0.9911225933524109,1.7541017235131138,-0.9505179454445303,-0.463996423330844,1.0
-1.771378832155823,2.957966173696743,-0.17724661618939888,-0.3795541206458599,1.0
-1.5272822358841118,0.6206614934459056,0.19939707280548574,1.9457613913063267,1.0
-1.966609250679125,1.147804857023833,0.5709498398461205,1.0723006472880914,1.0
-0.5343938852456511,0.6208024039824469,-0.5037094373682366,-0.5870162885051485,1.0
-2.3850223660220715,0.8516501303331094,-0.3781780468929897,0.8528890972688773,1.0
-2.254889600589903,1.4580520938150485,-2.1481184782308977,-1.0331647752913673,1.0
-1.3184946001220725,0.38965025572994516,0.10233584683421988,-0.2240923670629287,1.0
-2.399230134936177,1.0360828890120382,1.9677296821430459,0.44768321574265635,1.0
-2.355303091133734,2.6008728295503047,-0.6621914435304808,-1.5776070685393473,1.0
0.0848118691553057,0.7702093992065383,-0.3405600349378623,-1.3032200826784146,1.0
-0.5494455193959604,0.9265123013985583,0.46675065041843516,0.16110632224167845,1.0
-1.1632166231066672,1.2947874373952404,0.3200319320927313,2.079176664795037,1.0
-1.6413157303431483,0.6110154605090233,-0.9074659814202977,-0.19240420779590675,1.0
-0.6232364383785106,0.2253241112848572,-1.212515744488909,-0.08059851615012545,1.0
-1.3074228834215007,0.6106790301783498,1.5932736159500267,0.5687223991204718,1.0
-1.8514578303502958,2.1103400588603956,-0.11448704558920082,0.25163024881989055,1.0
-1.512324150504814,1.325807301876489,-1.21085563794359,-0.3937337116943893,1.0
-0.5663555311761903,0.3526049305599017,0.08525257457038693,0.09942198670854183,1.0
-1.5949479216102005,1.1838370476311026,-1.5306162443986169,0.3276231792347814,1.0
-0.9225541025253394,0.8358664498071108,0.27919649251421025,-0.3770512062727785,1.0
0.23924517773010123,0.14143967925814316,0.004174999082500307,-1.4834915533680013,1.0
1.2672295420725417,-1.000116341890688,-1.4797956153243483,0.1346872623382376,0.0
1.2412971421691,-0.6634796008504876,-0.667723190916164,-0.011555520224301364,0.0
1.016172334530095,-1.0708072181652928,0.8394906723176047,-0.17392993030515583,0.0
-0.26493779991363575,-2.1548025800272264,-2.810668054829197,-0.15065363802089335,0.0
1.1569325427010513,-0.8632013790186566,-0.48104402199403523,-0.23469435432292007,0.0
2.38103124658909,0.4100767232755227,0.8997308125715531,-1.578530185941114,0.0
1.8179339208200647,-0.43946542395421184,0.24395662390798445,1.570303911911232,0.0
0.8253584663222858,-0.8443490383911575,-0.6259431149684574,0.47232788618573723,0.0
-0.049512367319305195,-1.8764016338474419,0.9663057789708022,0.2102314391020942,0.0
0.9626220358284919,-1.1065912743029251,-0.6850969803314269,-0.7095210107080003,0.0
0.9606049854852784,-1.399721309839415,0.7438001537659823,0.5921490907817339,0.0
0.556751063754924,-1.1836067741981637,-0.7864684150712256,-1.176473154361083,0.0
-0.18700156101896437,-2.522440166420711,-1.2808067141489963,1.6616518611847708,0.0
0.8343713738278282,-0.7446564280269106,-0.06794512039049865,2.3602285856534144,0.0
0.22430923802029257,-1.9942894043607828,0.5555456030705429,0.4395223228337985,0.0
1.4027169366075258,-0.4205590651500841,0.30627248830518367,0.9991498501973654,0.0
0.7041761048948124,-1.1486434704027533,-0.9660631850440695,2.1600131083707352,0.0
1.2800735744971747,-1.0625094025341244,-0.10030170261183188,-0.7034000921928111,0.0
1.0110704700285678,-1.3504546464948752,0.3025610022884201,1.092338876030798,0.0
-0.18149967818112267,-2.0413085057510583,-1.0075548757829758,0.5668693724410713,0.0
0.4526320296848412,-2.022404481588306,-0.7164441575864774,-0.5062735331744886,0.0
1.37105505746784,-0.9405037129106437,-0.48948241875503073,0.7635414664859205,0.0
0.6202948163206866,-1.8095329972378664,-1.1090727317943776,0.1926161100346126,0.0
0.47228498311260925,-1.5582260238247865,-0.3434178640825921,-0.8472101779585292,0.0
0.5008665490460054,-1.390014427994648,-1.2135236027544805,-1.2028883245160027,0.0
0.8027565340840264,-0.8871691867006262,-1.6337960176527973,0.8961671937492679,0.0
1.662728016721783,-0.4413345355169277,-0.24165316263122066,0.15865193006624295,0.0
-0.2578854679564735,-3.1073415295159834,1.1781893644815975,-1.2201171569315528,0.0
2.2987400421353126,0.4745289971912652,-0.9415456753157148,0.2547155366937834,0.0
0.7545111921660408,-1.0763529496008952,-1.8240795520803668,-0.5787085129968689,0.0
0.20536676264562292,-1.6781517885627648,-0.9248930731004674,0.3295224421695356,0.0
0.8540362894461817,-1.191547209993213,-0.4258158663638689,2.0081492793769584,0.0
1.1741571607094037,-0.9039490279236753,0.9378913720693943,-0.8532384842753111,0.0
0.980211728545312,-1.0395641171363699,-0.38731343745685026,-0.3475845129154441,0.0
1.1133826723091749,-1.017685165968086,3.3065743491105617,-1.510199643978141,0.0
0.6324006146430092,-0.9027106147849098,0.20353970040461283,-2.084432135361529,0.0
0.2132162761074421,-1.5733361978091271,-0.006937441205922597,1.9098905619090114,0.0
1.4952095233302467,-0.6568853394784213,-0.4084554316741083,1.1045544214720489,0.0
0.1435520699215428,-1.8696371722136504,-0.06611522595320368,-0.4224987168254349,0.0
1.5568071270803967,-0.26506906472498337,-0.251656358946396,-0.5869026451800015,0.0
0.9930468150089742,-0.8591186724276325,-0.6260582718898234,-1.3301944123244955,0.0
0.18250860958747317,-1.8364211602378293,1.5068007289494436,-0.3930763957934435,0.0
0.7185909028025905,-1.0669705520539707,0.29377431076575306,-0.876531851439786,0.0
0.9626434671694463,-0.6483959558954062,1.11699055941535,-0.27355577790782964,0.0
0.7376938060251033,-1.4453500675082207,-0.09103266785780534,-1.8289766352959453,0.0
1.2473867688732008,-0.49249200270139326,0.39597621113961184,1.811505704820246,0.0
1.2894077132187307,-0.1840203147111661,-0.8690775859999118,-0.4582291537024826,0.0
0.023138664498107975,-2.522560484818782,-1.1383239582150162,0.12916217424037618,0.0
0.647762975884604,-1.5331868931975237,0.064024197906828,0.705081101494469,0.0
1.226588158201993,-0.9552163985852237,0.5514735468009196,-0.8125160461856011,0.0
1.458099325838758,-0.2508244644148233,0.22494804906437368,-0.3283011067224728,0.0
-0.13146257683556462,-2.431787017433046,-1.0910329773767136,-0.12685587296261336,1.0
1.0692475751452408,-0.7412742133118212,3.8016602149671153,2.315170634005945,0.0
1.1821369402851,-0.9600531598184163,0.1398265977676514,1.7388572080107567,0.0
0.7377893521217895,-1.6601283429168046,-0.04538336414627235,-0.05313833944148108,0.0
1.7415164749388454,-0.4158955132497788,-1.9495717876297631,-0.9601055659442864,0.0
-0.15225601088370788,-2.128960469919525,-0.7834992639864761,0.10751903166543003,0.0
0.9168531144904039,-1.9830269944038603,0.013984534859276173,-0.5789423513918671,0.0
1.286964545985131,-0.7214380045171993,-0.5888131995338436,-0.16615313560795222,0.0
0.33196159947730886,-1.9881764774787052,-1.3814116506822827,-0.6126385603685591,0.0
1.3125416492470503,-1.0293140781420655,-0.38128986980829505,-1.2489489330728745,0.0
1.0950683188122543,-0.5584263433816954,-0.3302378932645443,-0.8348071635345082,0.0
0.864822721919607,-1.437924515453582,1.2353823920094769,-0.24380379713912192,0.0
0.5269469050509269,-1.6946472161741144,-0.18954566825657565,0.4280281070213674,0.0
-0.01012535634733469,-1.659655679453724,0.5569683168406292,-1.736241804300151,0.0
1.5201995526097662,-0.18872834901309277,-0.3767841091075349,-0.9090323262520912,0.0
0.9464716956633494,-1.3408249488817017,-0.14517024419321808,-0.5363325211989141,0.0
0.9009450316964899,-1.0283045746203179,0.15706946285780823,-0.9804592455621558,0.0
0.9508782785237785,-1.1162904334918589,-0.567767241520187,-0.591159668922353,0.0
0.47831656061140426,-1.9065534964250188,1.0825913704708934,0.36800365928054296,0.0
0.9154447096887689,-0.524581376468913,0.3688887075856658,-0.2863182808100257,0.0
-0.3188324135928471,-2.551781249891241,-0.38471785209355397,0.5610028884976374,0.0
0.518450266116746,-1.6430668969585456,0.7774339337937849,0.015146785628840823,0.0
0.9969563255243933,-0.9404814032042093,1.1416479454761015,1.274155027515184,0.0
0.36458596907414176,-1.9259705231799313,-1.6646980393889146,0.4303788847830499,0.0
0.14535128053723967,-1.635039528824303,-0.04260192849103662,0.38828881396824266,0.0
1.2124553085713472,-0.9143939542628492,1.1159765280267424,-0.9205381630914402,0.0
1.690569572752588,-0.5641665143173656,-1.620274102422562,1.1061914728510454,0.0
1.1459641034635641,-0.9095627600958356,-0.9984846449304126,-0.6862195139210355,0.0
-0.5897671865116012,-2.8041948408756836,0.2046208934196503,-0.6861018211613559,0.0
2.0058761657193154,-0.07230601908585144,-1.5922106283155977,0.034189767415725485,0.0
0.9819900042636865,-1.354561875912863,-0.7814846589618593,0.5978598778702686,0.0
0.82711749130424,-1.434152222670418,-0.5060765560786548,-0.6884461387207981,0.0
0.5118586105237218,-1.9638429780335802,-0.2100005391102094,1.0521534768386704,0.0
0.9869469857349595,-1.0972402105280297,0.9079040816376843,-1.0932261824597196,0.0
0.26014257951311803,-1.6304874988707885,2.799707649086917,-0.32577632458502837,0.0
0.594091872219265,-1.5880371330455119,-1.1524157289595007,0.8882319900487784,0.0
0.17251697933064203,-2.290116718950899,-0.36167245735435183,2.1537195078396496,0.0
0.9587370887101884,-1.18453794781462,0.8474083554815338,-0.1987198463087681,0.0
1.8325819514792243,-0.14171757264279872,1.5753068777322043,0.8491152114704448,0.0
0.17126835431096243,-2.321343661505471,-1.2288951969348896,0.8883941095724036,0.0
0.9278493705673437,-0.9452055159971148,-0.5164874419484505,-0.08332628524667475,0.0
1.7139336997418977,0.22978832099659896,0.13105444921746154,-0.8790960122662607,0.0
1.490675230842708,-0.7198509506183959,-1.3333422788907014,0.36778401092029667,0.0
0.3501566069686157,-1.8417219696771432,-1.3882334986698628,-2.575202626769266,0.0
1.7572143921999932,-0.32579250911863367,-0.8361056043714298,0.33109242148839846,0.0
0.7851654190216393,-1.0995083526797644,-0.26988113356996424,1.2671309406200715,0.0
0.9893747947539306,-1.5151798593229202,0.18375349543168895,-0.766309651947081,0.0
0.6548363797072305,-1.2682152667026627,-0.4395835504794938,-1.4365413592691785,0.0
2.201098580859503,0.6422156816236975,1.0857972247059309,-1.3811000860829576,0.0
0.2717967229777002,-1.2249801860533915,-0.920407632119269,-0.16028622042862792,0.0
0.6853915406561886,-1.815401525884804,0.002353264490822149,-1.5026503635097892,0.0
0.8010871050292696,-0.7358152784516578,-0.9055357952194951,0.2650406022393187,0.0
0.1265529717940933,-1.978599759232834,1.129723358996994,0.349003562090175,0.0
0.7918100280173239,-1.6296877645604928,-0.025809761590854182,-1.562408733870131,0.0
0.9986700081763158,-1.1964274111879782,-0.6173423465520904,0.5214942413110542,0.0
1.4174017525649292,-0.7536503340408551,1.0809466698548873,0.8893759081552546,0.0
1.2443250401923351,-0.6496182306060871,0.13807164444560674,1.204600466649178,0.0
0.9957971532346124,-1.2770300688378118,2.8814607131639636,-0.5938619153826878,0.0
1.2305062514527823,-0.3902555116973345,-0.7631157953450364,1.5184829257797212,0.0
0.6595207208342493,-1.3498916035166122,0.23546452538541993,0.1123076884272699,0.0
0.012628359796740263,-2.3939806109077693,0.39237432765912555,-0.6544865051849597,0.0
1.5066382198243482,-0.5572759567990149,-1.0347952847505888,-0.7771475095483107,0.0
0.7752002358647481,-1.290602292813495,1.2459462568310147,-1.4366406646845815,0.0
1.4969165955983486,-0.34821161331907124,0.4986546456485496,-0.5576874600255095,0.0
0.8245223476005983,-1.5113017516656508,-0.3533668887153445,0.7429509766083332,0.0
2.321015972265176,0.2837282827491341,0.8439889133578954,0.34297653786693605,0.0
0.7244650958807056,-0.6818242984775272,-1.8731196623660062,1.5709647086757912,0.0
0.7145762882152573,-1.5659544806700498,1.3101965171995604,0.09143683319114727,0.0
0.6129912351273327,-1.0929393749466159,0.010257816959411624,1.801449208620155,0.0
0.06710541912649148,-2.5516247652717032,0.9472242712937278,-0.029294403574919636,0.0
0.9504215444877328,-1.232090711443787,-0.29233867585114426,-0.19353711101102694,0.0
1.119363782274787,-1.067963452972187,1.1772320543971655,1.0399917847066875,0.0
0.47160576043976443,-1.6668587543984499,-1.6134230114988033,0.4646423988660639,0.0
0.13725219509165498,-1.5470952792097754,0.8641213313776074,-1.5064631659717183,0.0
1.4899118554597777,-0.34484432099733064,-0.0029647514383226645,-1.777043606376519,0.0
0.8900593266877435,-1.4638330515806453,0.12949283594138686,-2.083234501912948,0.0
0.42963652768899874,-1.30782687303998,-0.6817455237079176,-0.6110659144951346,0.0
2.849772527815319,1.4121930618310086,-0.7088498201426061,1.4515280169745666,0.0
0.9991473474617917,-0.7860574303746627,0.5355105697391037,-0.3995688603234003,0.0
0.1454436627382012,-1.6950211864803033,-0.9330778408941012,-0.2387763168452323,0.0
2.2992915221673074,0.11126041705195067,-1.0291129682993152,0.9730800041496649,0.0
0.9863105702563171,-1.1944204128250777,1.996766001547786,1.0531998980821111,0.0
2.955073976679011,1.056779962664888,0.3316903455451489,-0.16562878329314595,0.0
2.70392496689228,0.8084398188161934,-0.40510628946146127,1.745284572687594,0.0
2.7085567710762,1.0640581670978166,-0.5759356075215347,1.5610985568957498,0.0
-0.16474848383174323,-2.4712644910018846,-1.1315392420201487,-0.29623165439820726,0.0
1.1288220246185938,-1.0563481961823955,-1.7140565927207858,0.15923420122828,0.0
0.52780406741138,-1.061193917714876,-1.2637276218762068,1.6650494067904418,0.0
1.8745406913405431,0.14212950238308686,0.41227227166106994,0.537396746876818,0.0
0.7163131126677109,-1.1838211543319137,0.28267844916477,-1.0925408143911377,0.0
0.8721148497934731,-1.4489219080817979,0.124118287733827,1.8370806878677441,0.0
0.6434210868296979,-0.9948876637327085,0.008554926006310748,-1.0170162016248128,0.0
0.4695055168925346,-1.592275425324986,-1.8523426566950363,-0.7133269903920768,0.0
1.8521041772453524,-0.39088182514831094,-1.7622288975408782,0.8305173690425973,1.0
0.2942054749196924,-1.717395907592742,0.7811672661822455,-0.8756818272205503,0.0
0.39002620315274883,-1.5204067107026689,0.613981308469426,-0.5764546529569822,0.0
-0.011442036905806141,-2.351703318899496,-0.04561428277485917,0.3719555515649784,0.0
1.0854383479485123,-1.0107875470384104,-0.4439600090394923,0.41820334865311676,0.0
-0.18039125009877788,-1.951835665071881,-1.6857280504675516,0.11747498798796961,0.0
1.3660588645087672,-0.19604116571547425,-0.03495202238773435,-2.0463931362481103,0.0
0.7842352693004504,-1.2797178246879206,-1.8096901927314875,-1.859523605626927,0.0
0.6466944674363064,-0.918958413913612,0.41430683392395123,0.12395962687166076,0.0
0.9069740635113128,-0.9242017802758656,0.2739575771740403,-1.3263784925081614,0.0
0.5939242304984609,-1.4942639123321857,1.1389738106662652,0.9828412198173899,0.0
0.4029000849826482,-1.6716446943518484,-0.7669630350233283,1.1760602764537964,0.0
0.912641744554668,-0.9729352467364123,-0.2509223967811601,-1.7762050240100316,0.0
1.6917597221200427,-0.19124595820759316,-1.6326947661508926,0.7337234878550057,0.0
1.054222091478892,-0.6626415984311698,-0.10404881066897927,0.8812249464539313,0.0
0.29499829064661764,-1.507226191261864,-0.0883731247324133,0.2676708933607786,0.0
0.7361311624783367,-1.0814755804535827,2.1235264229801736,1.3968490876314008,0.0
1.1331242696598274,-0.7578331722179813,-0.4328272686104105,0.3749687247031265,0.0
1.21952113671717,-0.5424535182407879,0.49444544306178945,0.7613911674961069,0.0
0.4218265501713798,-1.914413114456667,0.07100880518802974,-0.49353185049503623,0.0
0.7035321888495786,-1.6415842427403011,-0.003622817236501294,-0.4802871094783759,0.0
0.2269975125004452,-1.8672856553334172,1.683367281239793,1.2407262388353224,0.0
1.0308445313902328,-1.014848890967852,-0.20361501887938824,0.4282922606938115,0.0
0.7967061759255774,-0.9308331727929807,-0.1654592642356894,1.193241135968212,0.0
2.4910446085192564,0.6718100908939053,1.0488805164179926,0.568610832710887,0.0
2.1829420930043035,0.24990500433037566,0.8712642696145259,0.6605708080415787,0.0
0.7116936202861118,-1.048063123519555,1.174061853808299,0.5311313733291978,0.0
0.373625006550215,-1.7010279857561212,0.15190052911452315,-0.5772256235992381,0.0
0.5662864634666287,-1.5354491797461707,-1.571750737493182,-0.027848380506712504,0.0
0.24351005367102718,-1.7478074807900827,-0.7410555334041294,0.060009066957123644,0.0
0.9190194715435006,-1.3640870742931883,1.1404884241870903,0.17282467544035315,0.0
2.8963367591602536,0.7709041895257853,-0.415001671109624,-0.8531286248616412,0.0
2.067653802638519,-0.3882347872095334,-1.430135207423932,1.3328053353574878,0.0
0.20370920825203365,-2.185776159411482,-1.7766910189292493,-0.9347830262310605,0.0
0.9484960710278502,-0.8888577171658533,-2.313201933697067,-0.3161415757497162,0.0
1.3930249358681108,-0.03591737695223185,-0.34228455976058164,-0.4042944206294937,0.0
1.7599851105421376,-0.5143775656849361,-0.06312989997640252,-0.8212650744177591,0.0
1.8334847960611576,-0.08742049515610761,-0.9136556404887338,1.817826413261076,0.0
1.2065432861901042,-0.38742179530567267,-0.33406294836337086,0.9076586249467652,0.0
1.4081327248037145,-0.5242799731630099,-0.8367710426529883,1.6127285947520869,0.0
1.3493728317430755,-0.9019862516124962,1.5141821310077979,0.23101868221727617,0.0
0.8061085803142037,-1.4275493654044868,-1.0995315929694833,0.08700138572766068,0.0
1.7336708121036908,-0.586600337732505,0.04730450004105715,0.2396239140894969,0.0
1.6598035216831148,-0.3142990647717734,-0.9782206161996707,-1.5230001361792946,0.0
2.0121117330586458,0.4249096510337522,0.1623630373820347,-0.010291316333718412,0.0
1.209552579645546,-0.6653263452228317,0.0020750219193663992,1.0268005788509675,0.0
0.6455904280757383,-1.6471565691527301,-1.4751604830313656,1.0106937159878049,0.0
1.4554447964580444,-0.9774909723838467,-0.743227540017318,-0.39522206585005965,0.0
1.497220360787468,-0.7651871271755746,-0.8257793632512705,0.08961985783925162,0.0
1.1359605007281284,-0.7781167772803709,-1.9058178747999275,-0.5680857202871936,0.0
1.8171167409143205,-0.19091675798283192,-0.5157565452853529,1.2639302023631946,0.0
0.5337438466528688,-1.5038734212338833,0.1506981437872181,0.695518311496303,0.0
1.5246684142791884,-0.6590283049777516,0.005938814386502598,-1.0489003714627145,0.0
0.4782253652164058,-1.3808076415127695,0.9072048681832476,-0.8454413420675675,0.0
-0.18111713419768893,-1.9424289901257374,-0.5262433407727581,0.18209977880956646,0.0
0.4297817810583403,-1.7117664216078858,0.945538789447106,-0.20138454328274422,0.0
1.6991998997543352,-0.29962227676964703,1.5105247319832755,-0.5714784150520992,0.0
2.6931714066631685,0.7793080875557346,0.6655892869546318,0.00361630095070307,0.0
0.9097622898091593,-0.8934347280124426,1.5466718382124196,0.2144060132609824,0.0
0.9625559487647649,-1.4002686344096702,-1.877312818056097,1.0883352098095076,0.0
-0.17542462127405445,-2.7827787080751376,-0.08154851334052744,-0.5530619110683829,0.0
0.212080222575313,-1.5527938375443266,1.2229647619208388,-0.3313086360295018,0.0
0.7334698385467118,-1.080880611937961,0.5999867431623418,-0.7683833192976774,0.0
0.2031154394041612,-1.4399984744282244,-0.8361301268279877,1.8105817605836112,0.0
-0.5192454114588907,-2.755200884620961,-0.7870327372626857,-0.5847709364174684,0.0
1.5320248690657632,0.42338995479639574,-1.708320791867683,1.629982244007823,0.0
0.6074492348120812,-1.0773458295921339,0.3979983232950984,0.2377796334525969,0.0
0.44880982890953314,-1.8173684962450438,0.9751384105786284,-1.3293365693342671,0.0
1.3355718144816242,-0.7551367645997628,-0.5410467819196708,-0.09143773124951071,0.0
1.4323462186568716,-0.7767717076436438,-1.548471050728461,1.311427126349951,0.0
1.1669427492628568,-0.46952948485242163,-0.018429050193367217,-0.3232886362555003,0.0
-0.7255724588303074,-2.5492070020117,0.23622548956828351,-0.7525822843367992,0.0
1.8765707110487952,0.1645953704642682,0.04511300381296627,3.4275385470024933,0.0
1.7382042722804485,-0.26610305705814297,0.6046820302458011,1.6683110596343254,0.0
-0.02856807541495643,-2.073563691123356,-0.35508312245592033,-0.7515689901309378,0.0
1.5070605177376846,-0.7641319906612505,0.3097035893716593,-1.341704943424035,0.0
0.38163220466882497,-1.5219459842409329,-2.3069577654457945,0.7315925050221388,0.0
0.9820378448930845,-1.333862093391162,0.6413381449722294,0.8338512217530717,0.0
1.1727648100611252,-1.0667862258698344,0.028169873189996596,1.9783726998796622,0.0
2.7896006396927264,1.4457490192808384,-0.08732818705761503,-0.5539647407905779,0.0
0.4692650243346044,-2.06038766709242,-3.0064987150073263,-0.04716586765324164,0.0
1.3123583038099147,-0.8336588728198451,0.8318777850596785,0.006861198539497956,0.0
1.2243549701835044,-0.9532860904507519,1.1242217344467607,2.2948811662553914,0.0
0.5641286323088168,-1.3305948016462659,-0.1733502083771995,1.2312535595933083,0.0
0.8658264044625222,-0.7358425163847876,-1.5858525751800243,1.0313191043566259,0.0
0.9851196984745505,-0.5112267478290959,0.0634904803867693,-0.22139049834706404,0.0
0.6696579397032105,-1.891574435479884,-0.1633989200064896,-0.15630346833864264,0.0
1.0475286709861864,-0.7363839393200096,-0.3088029093452499,0.19867297014966484,0.0
0.5793959277129943,-1.3594898244021558,-0.1742921340664021,-1.1557924789632028,0.0
1.4123516106385439,-0.7123396192010506,0.4170538889921242,-0.6078679483894681,0.0
1.2061384381688316,-0.8308868396786894,1.04798661479213,-0.03382696657238071,0.0
0.46378426875980994,-1.7288905482794423,0.1270239533211901,-2.0492319132446664,0.0
0.7017403639708096,-1.329570428211446,-1.2566801281681221,0.9396143935074498,0.0
0.8279441421941263,-1.1198977387187692,-0.7338167260261783,-0.5324376589989497,0.0
1.3263492301795226,-0.5602690662323819,-0.27793996726827935,1.3637425928273423,0.0
0.8390920033081418,-1.3281731007099213,0.3741379978015835,1.3102646033833285,0.0
0.3663380241068307,-1.6614627486345301,-0.2677477975311914,0.21317626376639123,0.0
1.755087154389674,0.010163981655614274,-1.2032434553759759,1.178031235143372,0.0
0.7320927528532032,-1.4533859291653652,0.10864820369485335,0.04412909879627545,0.0
0.9347962417177804,-1.5403089929374891,0.3383155392256595,1.4467920739203228,0.0
-0.26827926316766026,-2.936614472581446,-0.21449510648859024,1.663038957754906,0.0
1.0099601902480586,-0.6286922145860563,-0.8515225844037914,0.4221846079690917,0.0
1.5137404115355473,-0.4050296888729402,2.009218561174876,-0.48981473125860125,0.0
2.677796249277349,1.0564295959073884,0.24525585344341982,0.8775050628364339,0.0
0.9629458184031086,-0.9409107181611451,-0.13789969889870665,-1.5003532761643297,0.0
1.3999351710257484,-0.30407286838308345,-1.0559593590689562,0.5809325888538347,0.0
0.9192736272492098,0.9368526168372996,0.8915153199892447,0.7845553343209962,1.0
0.4149109087674401,0.7676999685210399,1.146432013867845,0.07198519493602167,1.0
1.9551633759038654,1.0618843833124034,0.20823317071100664,-1.5188686591575293,1.0
1.0455058328075184,1.13399116678831,0.317328953702337,0.6126807853910978,1.0
-0.3482146607637666,0.7222052737011563,-0.5832112948159864,0.6440016988949112,1.0
2.3412115872223946,1.4601841820935562,-1.8158888445178238,0.7510995977945368,1.0
1.2838853835788462,-0.10956097798030195,0.30028432362080115,2.110608533588019,1.0
0.560241980328186,1.3473834754631482,1.4130855368652668,1.5069803585585295,1.0
0.871853812758476,0.977835485215589,0.8173970963681656,0.646615613915258,1.0
0.9239635677583478,0.9579480941904379,-1.1816313149129285,-0.33509130035178647,1.0
-0.1927552820408156,1.142259014650888,1.826728470660865,-1.4561644487230898,1.0
2.1642198229331164,1.9381116305414965,-0.45028183481313,-1.4192340808146706,1.0
2.28649612055539,2.22746867775506,1.4509518140321274,-0.5657813285456108,1.0
1.8744252072753302,1.71964175202791,1.5445343659312922,-0.4137624937192986,1.0
2.262055060364638,0.6444463382491747,-0.5041320801637381,1.2785291889846653,1.0
2.6160713579136496,1.0409058443948225,0.9388317263937761,-2.7162803092175745,1.0
2.024873317451304,0.8330723783535433,0.4511407898571997,0.6001668782522922,1.0
0.5221474377603139,0.2919196705356224,0.20980693090091096,-0.6576580038247748,1.0
1.847660580330392,0.29064161815899314,0.028408444639589216,-0.39806148096566424,1.0
-0.4042681941471453,1.3017537252290468,0.21132302760997543,-0.20239426286106618,1.0
0.31713518429799015,1.2123677048023171,-0.6219281582389458,0.16377044630461457,1.0
-0.6897586558744675,0.23409089746619116,0.8024389101843935,0.2890058923953664,1.0
1.8410063251439914,1.41194713160878,-0.5536423899312313,0.33625402037041036,1.0
1.0650156387451293,0.9093886753365367,1.0697923918589658,1.5954041685761902,1.0
1.9773256518535969,1.5140237343994842,1.2075525841594366,0.5373801933590323,1.0
0.8150867193074267,1.1030647808678047,-1.0091240312138865,-1.3655527269208718,1.0
0.8888268481205867,1.4923127498620459,-0.20238121371907244,-1.4091847815561631,1.0
1.754650332312673,1.9021556191316682,-0.7847847290606281,-0.17012230475116602,1.0
1.2053979520007414,1.1360087944590946,-0.4842104217389033,-0.3279180563104176,0.0
1.5431113867668005,0.9113386407241586,-1.3280046272981096,0.2314667597932105,1.0
-0.5006773053970976,1.0699542961145223,0.9965080510669072,-0.5481374677891694,1.0
2.3859162313715663,1.2438886961952638,0.7257553441912135,2.662726713718078,1.0
1.1615149926345396,1.0129800178660193,-0.0918110301344528,0.6512100079495287,1.0
1.0782398590743716,1.0312740395877675,0.19677009008735558,0.9696237292240466,1.0
-0.09324460191725747,0.7671231465919877,-1.718649876612095,-1.056956767945215,1.0
1.7661572333720765,0.777791389252389,0.14346392807138045,0.8869625661584651,1.0
1.3341389087109221,-0.17715953392298744,0.13052402586494022,-1.6645732509676436,1.0
0.12139633403839889,1.9097437708922955,-0.8236132764583951,-0.794706117597217,1.0
1.731491682776258,1.674104061407767,0.3889919450030478,-0.7620389598404272,1.0
1.552190056629955,0.5511593472245699,-0.6808071048007711,1.0847475766377048,1.0
1.0796710740139959,1.6524449729229898,1.33531627679859,-0.4132748053360386,1.0
-0.8501036727813434,-0.2530094235844593,0.42490267234987283,-1.8814837985313415,1.0
1.9646405036483439,1.0037400759124724,0.1983270593553415,1.1899780497958272,1.0
2.738366527951104,2.2941380419575865,0.5267817052573492,0.10106084435747183,1.0
0.6704396332825016,1.5511137328559443,-0.3886429734726365,-0.6467920155914019,1.0
1.7702642050081896,0.6841194804118531,-0.17908240519380295,-1.5514411382363107,1.0
1.4890803123925482,1.6805664053331126,1.610458978298244,0.5642106403948174,1.0
0.9804800053970452,1.798666330322754,-0.1024370342132837,-0.6198047748273389,1.0
2.480490549751824,1.5266455761804663,-0.07033962015774306,0.7977949422628428,1.0
1.6639196920992863,0.34048701819658533,1.0114478912189466,-0.9036909300657424,1.0
0.6072660222453521,1.0324428086359108,-0.9735287601736554,2.078229962808275,1.0
1.2316816508045054,0.28375366721004747,1.136592857715686,0.7085199408280056,1.0
2.4075892781411974,0.8797016629832708,-0.13864624371736975,0.9240203382627826,1.0
0.048644605309794864,1.2798389033505095,-1.2732331758311164,1.5317684215350404,1.0
0.4220173238337349,0.08882827553870298,-0.03577222473716005,0.7908615021587522,1.0
1.6472148825152697,2.451325124501519,0.6462177748951762,-0.13157091126192805,1.0
1.650560437350113,-0.05862171685460171,-0.17536635509746795,1.221583141275983,1.0
1.1510344600719817,0.5110542535344615,1.0264974045825888,-1.7722311199804224,1.0
1.7835294662213514,1.9428202876258236,-1.6924057370564578,-0.9462206203561587,1.0
0.5945106864612482,1.556232859006223,-0.8935453982997023,-1.118525872587231,1.0
0.857510919555668,0.19571334077941238,0.272110643262288,-0.4637044471339729,1.0
2.4699898407301646,1.6347043034846533,1.2061246217621702,1.452877765517057,1.0
0.7822721823775018,0.7393357312851107,-0.028683237497593085,1.6834579486728931,1.0
1.6126108504326258,1.401996563195294,0.024214310140723196,-0.4347906467499012,1.0
2.7574918734703444,1.4248587207955743,0.06478573929391421,0.9448600019930663,1.0
0.7626134046408453,0.9232817812403313,-1.6144609726998975,-0.20859932222445562,1.0
0.8142051827541157,1.236979410247828,0.29740566031687127,0.363084665238542,1.0
1.0958633373180031,0.7704571353805786,-0.36843634332291103,0.48878574264347124,1.0
1.9993062476239094,1.1281152965894214,0.2921216179508627,-0.5919081134723939,1.0
0.817190375693142,0.33598652595623557,2.1815986289387745,0.4395502060313077,1.0
1.6602456404840356,1.7706362298387393,-0.33118335017382994,-0.5717190334784398,1.0
0.6784267021325399,0.6547356565150086,1.0294089182309158,0.10205979106406736,1.0
1.8471900003697415,2.1659788634261927,2.5481126978151902,-0.43592412295208854,1.0
2.2517312329742536,0.8234103363522247,-1.2426069384522895,-0.02769845883360259,1.0
1.5344027278026315,1.6894261416854603,0.17506745883744323,-2.118450634640296,1.0
0.1890876019415163,1.1610501512562723,-0.30916851438148,-0.3684154413875956,1.0
2.6647425727767837,0.9936277043557203,-0.36876353620555047,-0.6302257476306048,1.0
1.0374558694423932,0.2606808967971921,-1.3431925430884397,0.7580380514217575,1.0
-0.34609986109610746,0.8069934898310762,-0.5838408439896756,-1.0237014524008545,1.0
0.2031459373750406,1.5560935293864884,-0.7599342678179074,-0.47232323974695456,1.0
0.9538147128862353,1.2527066473466688,0.1086471247130269,0.6683389863604884,1.0
1.1207913451423288,-0.4061412156422701,-0.953179498015071,-0.47929739755443296,1.0
1.179712949103417,1.3677455041249422,-1.3455077280199745,-3.392299993422376,1.0
0.46081444335285826,0.5728321059984438,0.15579393073158895,1.5200035175007434,1.0
0.9386021475960317,0.9601792560551625,0.5220832533528241,-0.5070599561429888,1.0
2.2710532746779117,1.3001471034381655,0.09647914260523575,-1.1748201009950612,1.0
2.5696950469966593,0.8624021173520169,-0.12229235803258051,-0.42770925305757607,1.0
1.318651816344619,1.654023452989028,-0.8527142320673834,0.40565222980465354,1.0
1.7711999483854168,0.7884939306320312,2.5998671643790567,1.6654495064347146,1.0
-0.15002455333309928,1.9384446838117593,-0.07207302132209585,0.8841146547158617,1.0
1.2442468552159844,1.321447753702478,0.8627074340696257,-0.6475380256858186,1.0
2.220894884010293,2.2205686845798667,0.6439040735006152,-1.440992098506151,1.0
0.2533888646522384,1.214383529225269,-0.8052983918515823,0.2387528704061312,1.0
0.5926631024178152,0.8533665205482261,-0.4147876623571258,1.7564786430302215,1.0
-0.6794264129963348,0.5525855768768346,0.6480404345553452,-0.3820381211659721,1.0
2.989831199766299,1.3713192033805028,-0.47057971311348223,0.18697060821328368,1.0
-0.25062316924152017,1.82772629973646,-1.0555312886421826,0.5956119532945485,1.0
1.304743906333809,1.3892403244271203,-1.3753019499454755,0.6230101959607396,1.0
1.5583777003751444,0.9217998043203188,-0.16459473198041277,0.4146135180912649,1.0
1.3390577996427693,1.3528518742764826,-1.0125859253379639,0.2449852070881173,1.0
1.8065540481727527,0.30912477427669927,2.412347741512654,-0.4572167524606647,1.0
0.006358117360958815,0.8550496439802071,0.3173998603290244,1.5055669497573085,1.0
2.898240900548447,1.8525597100188222,0.7617041448601343,0.4318854841446306,1.0
0.6342774966254121,0.6936475602568533,-1.0136892725211915,-1.2775883722966503,1.0
2.6251227327201265,0.9493304202537534,0.05343244068245901,-0.4632358553132021,1.0
0.33013140957839937,1.0223212693769221,-0.019058213775291117,0.205656674019517,1.0
1.7661297277094536,0.693903107169034,-0.6764278388428852,0.4941030260139194,1.0
1.0406445133254734,0.26304500177055823,1.8585561885911028,-1.0093409873804438,1.0
0.4579059968111382,0.39783604148100826,-0.4695463585209111,-0.049610658679997775,1.0
1.1810895346667845,1.397860898473205,1.1404596739405914,-1.1863820006817019,1.0
0.7939729331558852,0.02908037987668244,-1.0651481043840816,-2.163661012816362,1.0
-0.6557105044863252,0.9005562711193406,-0.4403622132138493,0.6801457660218329,1.0
1.591946760325021,0.9412134780283412,1.0652247089781406,0.35715366130773174,1.0
0.425610354749809,1.0190319866638147,-0.6009569793824571,0.7064716137023735,1.0
0.4390884471288099,0.90315043491999,0.20431859061611557,-1.92070559892993,1.0
2.5222427814973667,1.5218405171417468,-1.228094832615539,1.511865305196297,1.0
0.2302532936084828,2.5878853288414736,0.3222050829752719,-1.3747943885085796,1.0
1.9723480985739865,2.0399280154201715,0.8199531080617848,1.0614349597626391,1.0
0.46885971017145733,0.8335349785349727,-0.43503402945969205,0.6576820963867857,1.0
0.614524624411896,1.072237339656127,-3.740100637951779,0.9735767951881575,1.0
1.1705326649743542,0.24787068998632567,1.1751553919198752,-1.1247027147637332,1.0
-0.6483611663231881,0.203536453523806,0.2820853995153045,-0.3381205430474389,1.0
-0.38127798230723275,0.26958179448631814,-0.10252948077082732,-0.4248804445350682,0.0
1.4260858395147897,-0.5684707514640235,-1.3322954668548208,1.8904037030816556,1.0
-0.5074923884569136,1.4149632285774079,-0.3103108495792165,0.10475504426223023,1.0
1.7691108796573949,1.7988468087873821,-1.0094005802514316,-1.0368671611243467,1.0
-0.4756807356755599,0.48736749655088907,0.4125984150754998,0.5263920801511129,1.0
0.492419303187699,1.331433716523474,0.8779241693247446,1.1037740024936882,1.0
1.2561565675655524,0.9225527556335846,-0.21020754050076193,-0.4442030639929489,1.0
-0.4246284369541393,0.8555037554093808,0.7468138328489333,-0.6374392034304347,1.0
0.7104806101346686,1.1011684205848402,0.8717584958978293,0.37450028724228906,1.0
1.8031732257497195,0.08423329387091738,1.1550264345834975,0.6703916888478308,1.0
1.6222729315829687,1.7605150301131347,-1.0544458238911605,-0.8656336415860264,1.0
0.6403884896785546,1.5923595486778428,0.7324852970073881,1.9070558424177735,1.0
2.631209056775913,1.7681784472796982,-1.3228117007830182,0.02321160432527294,1.0
0.25875244944723574,0.5070088322681946,0.2816745574804912,-1.5257775118655468,1.0
1.6539200048368667,1.4413801501212067,0.47812499636301325,-0.09312279204743792,1.0
1.5135197108632013,1.4868400719982928,-2.096557481215648,1.6217279782495952,1.0
0.4528242944407259,1.5120211543905167,-0.8632082190710727,-1.282503414295042,1.0
1.6865987698836742,0.8463013704435756,0.4201416222116938,0.5574867959048965,1.0
2.0559406224766272,2.0284314713762175,0.7364114036962718,-0.3860033622093118,1.0
2.0727194171837393,0.49445801073166784,-0.010914337890909745,-0.7308067631738654,1.0
1.6096728667278353,1.0280952180406286,-1.310197305632208,1.0791306490542358,1.0
3.3784034905107654,0.9622400210068033,-0.1027626850177936,-0.18231425542295646,1.0
-0.08908907709566005,-0.004781876476047664,-1.999267591995332,-0.17837110428033612,1.0
1.6120158939969935,1.2370112242408582,-0.8424944970914492,-0.1746136531498163,1.0
2.128796308085534,0.5791822762049186,-0.219244151856873,-0.44646479133296285,1.0
1.4234889640940172,0.4152704198814018,0.9388386429111392,0.4470541523241566,1.0
1.088405077668563,1.1073856073136301,1.127154514471546,-1.3248273699597244,1.0
1.4929507360979755,1.0241312265839597,-0.6489559274478152,-0.04028081832228678,1.0
0.25759097988696,1.0647261266619277,-0.4066389699034341,-0.07925772549673786,1.0
0.8418574530651475,2.1794665141212057,-1.182103399308323,-0.7161780572622408,1.0
0.9303586401498636,0.537481439752018,-1.6415539548520128,-0.8900255517732389,1.0
2.1043508890086975,0.48891906052976797,0.6941767203920137,-0.21420688476595026,1.0
1.7131827458056617,1.3293754998029168,1.505753238757508,-0.5955338743056791,1.0
1.9066931834260314,0.4474976080002462,0.11907108087232941,-1.2132523301524183,1.0
-0.11331147711553635,0.8579716876555714,2.600671870417404,-0.1786205987004569,1.0
0.6932116775424335,0.006578334760029003,0.829629840299415,0.4133850208671531,1.0
-1.2929936796036832,1.287227326610989,-0.5838788148392763,-1.3309012815356902,1.0
1.450439899965202,0.2152808067616132,0.15614312453880735,-0.5567897443633333,1.0
1.3906588703130276,0.6471346218893559,-0.15550430149173192,0.6513020587973822,1.0
0.24099847043939304,1.0560794787500658,0.07824115584037943,0.37711629736859553,1.0
0.8042619289458468,-0.03843360652450856,0.1500465760557719,-1.4672493326505078,1.0
1.0094127642561275,1.0290584114679864,1.3960621957013388,1.1758522964347529,1.0
-0.02996753230288207,1.4570483197577266,-1.1361648542567173,0.5053006114271711,1.0
0.4553597850609299,0.399355104165835,-0.6620242701618574,-0.7469163370632707,1.0
0.9600903725550878,0.6790616260577076,-0.004841661335047561,1.7476682304976985,1.0
0.7008445630373477,0.3773190220230339,1.057957561481885,0.6052213583318579,1.0
0.5354602504548235,1.0650735053122315,-1.1506056357540508,2.5544494187513775,1.0
0.138965048024853,0.009791822126409055,0.8737310456606763,-2.3488374199151116,1.0
0.9354062389941635,1.397311908325919,0.3994743352084918,-0.4886947159180835,1.0
2.173521325250486,1.3184490463038068,0.4099823559489672,0.4006403668095266,1.0
1.9535947518550765,0.6256584957987732,-0.9185190764701048,1.8258857523076941,1.0
0.42135048028769573,0.20793334801444163,0.1997846214194241,0.9413479065104091,1.0
1.8618621714718397,1.981106537920175,1.3514235647482031,-0.7381575979519863,1.0
0.6811891027956961,0.7648414755707591,-0.9117684848065235,1.1219073488477662,1.0
0.7453181701577256,1.1764922597549334,1.392837432756857,-1.377018570791137,1.0
0.7313523709228268,0.7747429186516055,2.011243186157662,-0.23550331433385294,1.0
0.2601160265775727,1.6270566164052818,0.6917845285123844,0.5643882091047265,1.0
1.3111597633069123,0.8005795450330566,-0.9713423198333271,-0.8640481389472264,1.0
1.168693401039999,0.47074557271780015,-2.083592339294925,-1.151150135626561,1.0
0.7900031527164934,0.20977946390236368,-1.4824759607426239,0.04019051577029376,1.0
0.2793155341534197,1.0472893300714037,1.3694021527220819,-0.02714493066647462,1.0
0.2155223352854474,0.78080420727615,0.3388541621827366,0.7780035433679287,1.0
0.6267057354411006,0.5952712592783624,0.6797094410202996,-0.38583150011150147,1.0
0.34504722802168253,1.0552924107215162,-1.4633450608335004,-0.4298055100406509,1.0
0.5569571446106227,-0.09153057785098895,0.06295935526390484,-0.8716452127708096,1.0
0.3903159381567102,0.6859491738447576,0.3619607107010485,-0.2927120959421425,1.0
0.7234569621633129,0.7269987597534271,0.6218215275108925,-0.803239476184825,1.0
0.6427190495881113,1.550831769619245,-0.9219676593093837,1.7740563377039371,1.0
0.32282839714112876,0.7819372896932729,0.02875623771368626,0.5529638493955362,1.0
1.6731837490269181,2.0612520554666363,-1.0984222528921528,-0.37726445548212595,1.0
1.6901118537341784,0.873240254476997,0.6821694828076149,1.5656158596460847,1.0
2.9861306324493038,1.3266254660678545,-0.7244850747995447,-0.8029174114389668,1.0
1.7396582269247742,1.322149936483497,-0.02266894034434761,-1.524395149748862,1.0
3.2719840680972423,1.5250798568131825,-0.03013330647762648,-0.06472838461539308,1.0
1.5719719740089353,1.2035309011484903,0.7247491503292603,1.4146097426889708,1.0
0.7437263944954036,0.9003901572518138,0.5698443178000909,0.7415510509596893,1.0
-1.1580055102881124,0.5467023339528171,0.05227895113430126,-0.3597445764761596,1.0
1.3213077909324251,1.5771354282737948,-1.9959768691567643,-0.8862208191746166,0.0
0.9519982985248291,0.9274724999924564,0.2172666846933302,-1.645593723789992,1.0
0.3827350142213327,0.29100677166171407,0.2428898227832702,-0.4008347102679511,1.0
1.272998160184096,1.2904084514126617,-1.0215598525816902,-0.470024316655003,1.0
0.7921130368959466,0.8693715782724534,0.7287815212615996,0.8855011096194775,1.0
1.1833569871730107,0.7172811293661432,-1.9370214074492393,-0.14948401214867044,1.0
-1.1115256787568257,0.19328129071425149,0.9138846582835071,-0.2578948596093573,1.0
0.7798524431854611,0.8314682666737017,0.10881527091421338,-1.4954108752602695,1.0
0.001605320923771969,1.4168981784942076,-0.4800336568182954,1.8287754293882255,1.0
-1.2941920815279624,0.233239049305478,-0.7880680345153491,-1.4406323431960173,1.0
0.8384307378166082,1.2751318424984284,0.14947175855840594,0.7886293330657389,1.0
-0.9450130034372286,0.4719633479360974,1.193810490625256,-0.5177226421252706,1.0
1.1484340518050955,0.9949459391461072,0.22247557662871947,0.5443548782853931,1.0
2.0629070749935776,1.5334105621179275,0.6492105278342116,-0.5472027440095443,1.0
2.4303828777174235,2.0224016132016747,1.712724930895694,-0.6872970225507311,1.0
0.8098747970930138,1.7997041830498848,0.707872158693135,-0.021911236145525564,1.0
-0.018421252003820276,0.5670268202835897,-0.587218564024521,-0.6428512989625678,1.0
1.640383879600721,1.198633242389545,-0.586346910920234,-0.4468710650532969,1.0
1.285065782530633,1.8945035135161388,-1.0188855993559092,0.6974097032117701,1.0
0.8277123164345027,0.4056645202350069,-0.7035153156202221,-0.6150208487004943,1.0
-0.08205618087643285,0.785524978465554,0.4886905912082333,-0.10796194313364836,1.0
1.08358223950661,1.8877447175184354,-1.421903635278912,-0.9360094985442665,1.0
0.4677729234677822,0.925647158956954,-0.19655724442099343,-0.5749878373674678,1.0
1.318152545144324,1.3353353312221534,0.7504825372530398,-0.7644020289908126,1.0
2.279033497624095,2.2044350124032146,-0.9671270710432115,-1.010546208778625,1.0
1.1148265135388697,0.18882261497795738,0.4066572469576391,0.4834717260857332,1.0
1.3467744397014032,0.41830133674299597,-1.6724445875708807,0.6220751965181025,1.0
2.174495631723678,0.07721802108433762,0.8609732704959465,-1.690997761809049,1.0
1.5085330216046569,0.8694533011092678,-0.6904314293609605,1.428892424357976,1.0
-0.021509751582470926,0.43295695462920647,1.0061017060252493,0.02479265925104204,1.0
1.4171783470093386,2.2242142977681056,0.5012493962894318,2.1120196236200743,1.0
2.068668442028904,1.805346561560767,0.5027969734526219,-1.220808861418892,1.0
2.022722297788406,2.1400069576565377,1.3649389996008265,-0.8709388906246184,1.0
-0.7062099008532454,0.4417426586641243,0.9939022358478347,0.6562706609568888,1.0
1.6037063191414138,1.5813081223798733,0.8895135530057614,1.5409329754091574,1.0
0.9567889019934239,0.987948158069,-1.4659143285079521,-0.06958855493879726,1.0
-0.3144687957197878,0.9491102227696554,1.9460495025458786,0.9763817445199473,1.0
1.1769538997634927,1.1815656408715314,0.17715833734131295,-1.0231731300289502,1.0
1.2245810407968267,0.9003641929925293,0.10672049295195764,-0.9118812985440116,1.0
0.7044605225638341,1.4424098571169512,-1.468366956464426,0.5764787030585525,1.0
0.926621942050983,0.18167487558132522,0.06530560533834807,-0.7735128027607114,1.0
1.5594970679486808,0.7911511726650787,0.39494818896224776,-0.5038898877881488,1.0
0.6264671113186953,0.5027294053312543,1.779559084207381,-0.03057244436995809,1.0
0.5341621645482573,0.010220917645233363,1.577088212470096,-0.8128021008388903,1.0
0.6807006597776795,1.0890764154791193,0.6133491654036357,1.8436999764775681,1.0
1.9088068864940022,0.6811328633058726,0.27109098221586064,1.1364476270515151,0.0
-0.38366042557595437,0.9520115247331391,-1.738331868174651,0.7071347443209272,1.0
-0.12051284047388289,1.1723874923667505,0.030386131464882466,0.7650019773845077,1.0
0.9171120443010726,1.1059664548049368,0.867665218013112,-2.256250117810419,1.0
0.10027663632095485,1.4587584599501482,-0.4436027396060996,-0.6700232805994619,1.0
1.0415229011683211,-0.019871432385267784,0.15216419000569828,-1.9405333971697167,1.0
